{"cameraMode":{"drawMode":0,"name":"Shaded","section":"Shading Mode"},"sceneLighting":false,"audioPlay":false,"sceneViewState":{"showFog":true,"showMaterialUpdate":false,"showSkybox":false,"showFlares":true,"showImageEffects":true,"showParticleSystems":true},"in2DMode":false,"pivot":{"x":0.0,"y":1.6614344120025635,"z":1.1920928955078126e-7},"rotation":{"x":0.1361960917711258,"y":0.45996925234794619,"z":-0.07163655757904053,"w":0.8745047450065613},"size":0.8954669833183289,"orthographic":true}