{"cameraMode":{"drawMode":0,"name":"Shaded","section":"Shading Mode"},"sceneLighting":false,"audioPlay":false,"sceneViewState":{"showFog":true,"showMaterialUpdate":false,"showSkybox":false,"showFlares":true,"showImageEffects":true,"showParticleSystems":true},"in2DMode":false,"pivot":{"x":-11.988934516906739,"y":-0.05683201551437378,"z":11.089872360229493},"rotation":{"x":-0.15648871660232545,"y":0.8001682162284851,"z":-0.23703859746456147,"w":-0.5282570719718933},"size":3.5921530723571779,"orthographic":false}