{"cameraMode":{"drawMode":0,"name":"Shaded","section":"Shading Mode"},"sceneLighting":false,"audioPlay":false,"sceneViewState":{"showFog":true,"showMaterialUpdate":false,"showSkybox":false,"showFlares":true,"showImageEffects":true,"showParticleSystems":true},"in2DMode":false,"pivot":{"x":26.98724365234375,"y":7.229544639587402,"z":116.8040542602539},"rotation":{"x":0.2752840220928192,"y":-0.20843510329723359,"z":0.06127094477415085,"w":0.9364963173866272},"size":1.1007747650146485,"orthographic":false}