{"cameraMode":{"drawMode":0,"name":"Shaded","section":"Shading Mode"},"sceneLighting":false,"audioPlay":false,"sceneViewState":{"showFog":true,"showMaterialUpdate":false,"showSkybox":false,"showFlares":true,"showImageEffects":true,"showParticleSystems":true},"in2DMode":false,"pivot":{"x":0.09784871339797974,"y":-0.02171684429049492,"z":0.17604827880859376},"rotation":{"x":-0.004349320195615292,"y":0.25659486651420596,"z":0.0011546850437298418,"w":0.9665091633796692},"size":1.0600467920303345,"orthographic":false}