{"cameraMode":{"drawMode":0,"name":"Shaded","section":"Shading Mode"},"sceneLighting":false,"audioPlay":false,"sceneViewState":{"showFog":true,"showMaterialUpdate":false,"showSkybox":false,"showFlares":true,"showImageEffects":true,"showParticleSystems":true},"in2DMode":false,"pivot":{"x":-1.0306525230407715,"y":17.994977951049806,"z":107.86407470703125},"rotation":{"x":0.07264544069766998,"y":0.07174725085496903,"z":-0.005239379126578569,"w":0.9947646856307983},"size":0.8660253882408142,"orthographic":false}