{"cameraMode":{"drawMode":0,"name":"Shaded","section":"Shading Mode"},"sceneLighting":false,"audioPlay":false,"sceneViewState":{"showFog":true,"showMaterialUpdate":false,"showSkybox":false,"showFlares":true,"showImageEffects":true,"showParticleSystems":true},"in2DMode":false,"pivot":{"x":4.9121527671813969,"y":9.739627838134766,"z":119.16388702392578},"rotation":{"x":0.19916966557502747,"y":-0.669445812702179,"z":0.1935167759656906,"w":0.6890074014663696},"size":1.1231893301010132,"orthographic":false}