{"cameraMode":{"drawMode":0,"name":"Shaded","section":"Shading Mode"},"sceneLighting":false,"audioPlay":false,"sceneViewState":{"showFog":true,"showMaterialUpdate":false,"showSkybox":false,"showFlares":true,"showImageEffects":true,"showParticleSystems":true},"in2DMode":false,"pivot":{"x":-4.032000541687012,"y":-0.479000061750412,"z":-9.094148635864258},"rotation":{"x":-0.11880724132061005,"y":-0.8612401485443115,"z":0.2355760931968689,"w":-0.4343453347682953},"size":1.6151179075241089,"orthographic":false}