{"cameraMode":{"drawMode":0,"name":"Shaded","section":"Shading Mode"},"sceneLighting":false,"audioPlay":false,"sceneViewState":{"showFog":true,"showMaterialUpdate":false,"showSkybox":false,"showFlares":true,"showImageEffects":true,"showParticleSystems":true},"in2DMode":false,"pivot":{"x":-59.79999923706055,"y":-0.44920992851257326,"z":13.960000038146973},"rotation":{"x":0.198496013879776,"y":-0.6396641135215759,"z":0.17600038647651673,"w":0.721427857875824},"size":3.831620216369629,"orthographic":false}