{"cameraMode":{"drawMode":0,"name":"Shaded","section":"Shading Mode"},"sceneLighting":false,"audioPlay":false,"sceneViewState":{"showFog":true,"showMaterialUpdate":false,"showSkybox":false,"showFlares":true,"showImageEffects":true,"showParticleSystems":true},"in2DMode":false,"pivot":{"x":4.909999847412109,"y":9.83899974822998,"z":114.62999725341797},"rotation":{"x":0.27477800846099856,"y":-0.6654842495918274,"z":0.29003188014030459,"w":0.6304846405982971},"size":0.6098909974098206,"orthographic":false}