{"cameraMode":{"drawMode":0,"name":"Shaded","section":"Shading Mode"},"sceneLighting":false,"audioPlay":false,"sceneViewState":{"showFog":true,"showMaterialUpdate":false,"showSkybox":false,"showFlares":true,"showImageEffects":true,"showParticleSystems":true},"in2DMode":false,"pivot":{"x":4.295000076293945,"y":1.8999994993209839,"z":2.614000082015991},"rotation":{"x":0.198496013879776,"y":-0.6396641135215759,"z":0.17600038647651673,"w":0.721427857875824},"size":5.455959320068359,"orthographic":false}