{"cameraMode":{"drawMode":0,"name":"Shaded","section":"Shading Mode"},"sceneLighting":false,"audioPlay":false,"sceneViewState":{"showFog":true,"showMaterialUpdate":false,"showSkybox":false,"showFlares":true,"showImageEffects":true,"showParticleSystems":true},"in2DMode":false,"pivot":{"x":4.90959358215332,"y":9.8470458984375,"z":119.798828125},"rotation":{"x":0.1361960917711258,"y":0.45996925234794619,"z":-0.07163655757904053,"w":0.8745047450065613},"size":8.66025447845459,"orthographic":true}