{"cameraMode":{"drawMode":0,"name":"Shaded","section":"Shading Mode"},"sceneLighting":false,"audioPlay":false,"sceneViewState":{"showFog":true,"showMaterialUpdate":false,"showSkybox":false,"showFlares":true,"showImageEffects":true,"showParticleSystems":true},"in2DMode":false,"pivot":{"x":27.2086124420166,"y":7.833000183105469,"z":116.7518310546875},"rotation":{"x":0.2542393207550049,"y":-0.3864530026912689,"z":0.11171265691518784,"w":0.8795125484466553},"size":0.8660253882408142,"orthographic":false}