{"cameraMode":{"drawMode":0,"name":"Shaded","section":"Shading Mode"},"sceneLighting":true,"audioPlay":false,"sceneViewState":{"showFog":true,"showMaterialUpdate":false,"showSkybox":false,"showFlares":true,"showImageEffects":true,"showParticleSystems":true},"in2DMode":false,"pivot":{"x":4.295000076293945,"y":1.899999976158142,"z":2.614000082015991},"rotation":{"x":0.2542393207550049,"y":-0.3864530026912689,"z":0.11171265691518784,"w":0.8795125484466553},"size":0.8474078178405762,"orthographic":false}